label,year,group,n,n_label,pct_group,ci95_lo,ci95_hi,pct_london,pp_diff,pct_rest,pp_vs_rest,pp_vs_rest_lo,pp_vs_rest_hi,ratio,OR,fisher_p,bh_q,flag_col
super-gentrification,2011,inflow-driven,56,9,16.1,8.7,27.8,9.6,6.5,9.2,6.9,-0.8,18.7,1.68,1.89,0.09950000942297738,0.1995161603740854,any_SupGen
super-gentrification,2011,frame-sensitive,57,6,10.5,4.9,21.1,9.6,1.0,9.5,1.0,-5.0,11.7,1.1,1.12,0.8154667850327915,0.931962040037476,any_SupGen
super-gentrification,2011,outflow-external,19,4,21.1,8.5,43.3,9.6,11.5,9.3,11.7,-1.0,34.1,2.2,2.59,0.0997580801870427,0.1995161603740854,any_SupGen
super-gentrification,2011,outflow-internal,81,18,22.2,14.5,32.4,9.6,12.6,8.4,13.8,5.9,24.1,2.32,3.1,0.00048580866160330015,0.0019432346464132006,any_SupGen
super-gentrification,2021,inflow-driven,13,2,15.4,4.3,42.2,9.6,5.8,9.5,5.9,-5.3,32.8,1.61,1.73,0.3579985042465937,0.5640760294154422,any_SupGen
super-gentrification,2021,frame-sensitive,14,1,7.1,1.3,31.5,9.6,-2.4,9.6,-2.5,-8.7,21.9,0.75,0.72,1.0,1.0,any_SupGen
super-gentrification,2021,outflow-external,78,5,6.4,2.8,14.1,9.6,-3.2,9.8,-3.4,-7.6,4.5,0.67,0.63,0.42305702206158163,0.5640760294154422,any_SupGen
super-gentrification,2021,outflow-internal,90,29,32.2,23.5,42.4,9.6,22.6,7.3,24.9,16.0,35.3,3.37,6.05,1.54614056861867e-10,1.236912454894936e-09,any_SupGen
mainstream gentrification,2011,inflow-driven,56,5,8.9,3.9,19.3,4.0,5.0,3.7,5.3,0.0,15.6,2.25,2.57,0.06538592348762773,0.2653375908279625,any_MainGen
mainstream gentrification,2011,frame-sensitive,57,4,7.0,2.8,16.7,4.0,3.0,3.8,3.2,-1.3,13.0,1.77,1.92,0.27798899633094265,0.741303990215847,any_MainGen
mainstream gentrification,2011,outflow-external,19,0,0.0,0.0,16.8,4.0,-4.0,4.0,-4.0,-5.5,12.8,0.0,0.0,1.0,1.0,any_MainGen
mainstream gentrification,2011,outflow-internal,81,3,3.7,1.3,10.3,4.0,-0.3,4.0,-0.3,-3.1,6.4,0.93,0.92,1.0,1.0,any_MainGen
mainstream gentrification,2021,inflow-driven,13,0,0.0,0.0,22.8,4.0,-4.0,4.0,-4.0,-5.5,18.8,0.0,0.0,1.0,1.0,any_MainGen
mainstream gentrification,2021,frame-sensitive,14,0,0.0,0.0,21.5,4.0,-4.0,4.0,-4.0,-5.5,17.5,0.0,0.0,1.0,1.0,any_MainGen
mainstream gentrification,2021,outflow-external,78,0,0.0,0.0,4.7,4.0,-4.0,4.3,-4.3,-5.8,0.5,0.0,0.0,0.06633439770699062,0.2653375908279625,any_MainGen
mainstream gentrification,2021,outflow-internal,90,2,2.2,0.6,7.7,4.0,-1.7,4.1,-1.9,-4.1,3.7,0.56,0.53,0.570603414211641,1.0,any_MainGen
marginal gentrification,2011,inflow-driven,56,5,8.9,3.9,19.3,10.3,-1.4,10.4,-1.4,-6.9,9.0,0.87,0.85,1.0,1.0,any_MargGen
marginal gentrification,2011,frame-sensitive,57,4,7.0,2.8,16.7,10.3,-3.3,10.5,-3.5,-8.2,6.4,0.68,0.64,0.505500496659564,0.9484147404771955,any_MargGen
marginal gentrification,2011,outflow-external,19,1,5.3,0.9,24.6,10.3,-5.0,10.4,-5.1,-9.9,14.3,0.51,0.48,0.7113110553578966,0.9484147404771955,any_MargGen
marginal gentrification,2011,outflow-internal,81,6,7.4,3.4,15.2,10.3,-2.9,10.5,-3.1,-7.7,4.9,0.72,0.68,0.4491158243776568,0.9484147404771955,any_MargGen
marginal gentrification,2021,inflow-driven,13,2,15.4,4.3,42.2,10.3,5.1,10.2,5.2,-6.1,32.1,1.5,1.6,0.6348327017637246,0.9484147404771955,any_MargGen
marginal gentrification,2021,frame-sensitive,14,1,7.1,1.3,31.5,10.3,-3.1,10.3,-3.2,-9.4,21.2,0.69,0.67,1.0,1.0,any_MargGen
marginal gentrification,2021,outflow-external,78,2,2.6,0.7,8.9,10.3,-7.7,11.0,-8.4,-11.3,-1.8,0.25,0.21,0.017798895877873342,0.14239116702298674,any_MargGen
marginal gentrification,2021,outflow-internal,90,7,7.8,3.8,15.2,10.3,-2.5,10.5,-2.8,-7.3,4.9,0.76,0.72,0.583559452900916,0.9484147404771955,any_MargGen
modal gentrification (strict),2011,inflow-driven,56,2,3.6,1.0,12.1,4.2,-0.6,4.2,-0.6,-3.6,8.0,0.86,0.84,1.0,1.0,gen_modal
modal gentrification (strict),2011,frame-sensitive,57,1,1.8,0.3,9.3,4.2,-2.4,4.3,-2.6,-4.7,5.1,0.42,0.4,0.5074193159390787,0.8938993751256159,gen_modal
modal gentrification (strict),2011,outflow-external,19,1,5.3,0.9,24.6,4.2,1.1,4.2,1.1,-3.5,20.5,1.26,1.28,0.55868710945351,0.8938993751256159,gen_modal
modal gentrification (strict),2011,outflow-internal,81,12,14.8,8.7,24.1,4.2,10.6,3.2,11.6,5.3,21.0,3.55,5.23,4.897087969258173e-05,0.00039176703754065386,gen_modal
modal gentrification (strict),2021,inflow-driven,13,0,0.0,0.0,22.8,4.2,-4.2,4.2,-4.2,-5.7,18.6,0.0,0.0,1.0,1.0,gen_modal
modal gentrification (strict),2021,frame-sensitive,14,0,0.0,0.0,21.5,4.2,-4.2,4.2,-4.2,-5.7,17.3,0.0,0.0,1.0,1.0,gen_modal
modal gentrification (strict),2021,outflow-external,78,1,1.3,0.2,6.9,4.2,-2.9,4.4,-3.1,-5.0,2.6,0.31,0.28,0.2455244789722342,0.6547319439259579,gen_modal
modal gentrification (strict),2021,outflow-internal,90,12,13.3,7.8,21.9,4.2,9.2,3.3,10.1,4.4,18.7,3.19,4.58,0.00014526879732732612,0.0005810751893093045,gen_modal
any gentrification LSOA (loose),2011,inflow-driven,56,18,32.1,21.4,45.2,21.1,11.1,20.4,11.7,0.7,25.0,1.52,1.85,0.042971779778243645,0.11459141274198305,has_gen
any gentrification LSOA (loose),2011,frame-sensitive,57,12,21.1,12.5,33.3,21.1,-0.0,21.1,-0.0,-9.0,12.5,1.0,1.0,1.0,1.0,has_gen
any gentrification LSOA (loose),2011,outflow-external,19,5,26.3,11.8,48.8,21.1,5.2,21.0,5.3,-9.4,27.9,1.25,1.35,0.5716750152678698,0.762233353690493,has_gen
any gentrification LSOA (loose),2011,outflow-internal,81,23,28.4,19.7,39.0,21.1,7.3,20.4,8.0,-1.1,18.9,1.35,1.55,0.11640102193672344,0.23280204387344688,has_gen
any gentrification LSOA (loose),2021,inflow-driven,13,4,30.8,12.7,57.6,21.1,9.7,20.9,9.8,-8.5,36.8,1.46,1.68,0.4898329286013892,0.762233353690493,has_gen
any gentrification LSOA (loose),2021,frame-sensitive,14,2,14.3,4.0,39.9,21.1,-6.8,21.2,-6.9,-17.5,18.9,0.68,0.62,0.7459491911658738,0.8525133613324272,has_gen
any gentrification LSOA (loose),2021,outflow-external,78,7,9.0,4.4,17.4,21.1,-12.1,22.1,-13.1,-18.5,-4.4,0.43,0.35,0.005487102852937067,0.02194841141174827,has_gen
any gentrification LSOA (loose),2021,outflow-internal,90,33,36.7,27.4,47.0,21.1,15.6,19.5,17.2,7.5,27.8,1.74,2.39,0.0003527946946049794,0.0028223575568398353,has_gen
