msoa21cd,canonical_msoa11,relation
E02000001,E02000001,unchanged
E02000002,E02000002,unchanged
E02000003,E02000003,unchanged
E02000004,E02000004,unchanged
E02000005,E02000005,unchanged
E02000007,E02000007,unchanged
E02000008,E02000008,unchanged
E02000009,E02000009,unchanged
E02000010,E02000010,unchanged
E02000011,E02000011,unchanged
E02000012,E02000012,unchanged
E02000013,E02000013,unchanged
E02000014,E02000014,unchanged
E02000015,E02000015,unchanged
E02000016,E02000016,unchanged
E02000017,E02000017,unchanged
E02000018,E02000018,unchanged
E02000019,E02000019,unchanged
E02000020,E02000020,unchanged
E02000021,E02000021,unchanged
E02000022,E02000022,unchanged
E02000023,E02000023,unchanged
E02000024,E02000024,unchanged
E02000025,E02000025,unchanged
E02000026,E02000026,unchanged
E02000027,E02000027,unchanged
E02000028,E02000028,unchanged
E02000029,E02000029,unchanged
E02000030,E02000030,unchanged
E02000031,E02000031,unchanged
E02000032,E02000032,unchanged
E02000033,E02000033,unchanged
E02000034,E02000034,unchanged
E02000035,E02000035,unchanged
E02000036,E02000036,unchanged
E02000037,E02000037,unchanged
E02000038,E02000038,unchanged
E02000039,E02000039,unchanged
E02000040,E02000040,unchanged
E02000041,E02000041,unchanged
E02000042,E02000042,unchanged
E02000043,E02000043,unchanged
E02000044,E02000044,unchanged
E02000045,E02000045,unchanged
E02000046,E02000046,unchanged
E02000047,E02000047,unchanged
E02000048,E02000048,unchanged
E02000049,E02000049,unchanged
E02000050,E02000050,unchanged
E02000051,E02000051,unchanged
E02000052,E02000052,unchanged
E02000054,E02000054,unchanged
E02000055,E02000055,unchanged
E02000056,E02000056,unchanged
E02000057,E02000057,unchanged
E02000058,E02000058,unchanged
E02000059,E02000059,unchanged
E02000060,E02000060,unchanged
E02000061,E02000061,unchanged
E02000062,E02000062,unchanged
E02000063,E02000063,unchanged
E02000064,E02000064,unchanged
E02000065,E02000065,unchanged
E02000066,E02000066,unchanged
E02000067,E02000067,unchanged
E02000068,E02000068,unchanged
E02000069,E02000069,unchanged
E02000070,E02000070,unchanged
E02000071,E02000071,unchanged
E02000072,E02000072,unchanged
E02000073,E02000073,unchanged
E02000074,E02000074,unchanged
E02000075,E02000075,unchanged
E02000077,E02000077,unchanged
E02000078,E02000078,unchanged
E02000079,E02000079,unchanged
E02000080,E02000080,unchanged
E02000081,E02000081,unchanged
E02000082,E02000082,unchanged
E02000083,E02000083,unchanged
E02000084,E02000084,unchanged
E02000085,E02000085,unchanged
E02000086,E02000086,unchanged
E02000087,E02000087,unchanged
E02000088,E02000088,unchanged
E02000089,E02000089,unchanged
E02000090,E02000090,unchanged
E02000091,E02000091,unchanged
E02000092,E02000092,unchanged
E02000093,E02000093,unchanged
E02000094,E02000094,unchanged
E02000095,E02000095,unchanged
E02000096,E02000096,unchanged
E02000097,E02000097,unchanged
E02000098,E02000098,unchanged
E02000099,E02000099,unchanged
E02000100,E02000100,unchanged
E02000101,E02000101,unchanged
E02000102,E02000102,unchanged
E02000103,E02000103,unchanged
E02000104,E02000104,unchanged
E02000105,E02000105,unchanged
E02000106,E02000106,unchanged
E02000107,E02000107,unchanged
E02000108,E02000108,unchanged
E02000110,E02000110,unchanged
E02000111,E02000111,unchanged
E02000112,E02000112,unchanged
E02000113,E02000113,unchanged
E02000114,E02000114,unchanged
E02000115,E02000115,unchanged
E02000116,E02000116,unchanged
E02000117,E02000117,unchanged
E02000118,E02000118,unchanged
E02000119,E02000119,unchanged
E02000120,E02000120,unchanged
E02000121,E02000121,unchanged
E02000122,E02000122,unchanged
E02000123,E02000123,unchanged
E02000124,E02000124,unchanged
E02000125,E02000125,unchanged
E02000126,E02000126,unchanged
E02000127,E02000127,unchanged
E02000128,E02000128,unchanged
E02000130,E02000130,unchanged
E02000131,E02000131,unchanged
E02000132,E02000132,unchanged
E02000133,E02000133,unchanged
E02000134,E02000134,unchanged
E02000135,E02000135,unchanged
E02000136,E02000136,unchanged
E02000137,E02000137,unchanged
E02000138,E02000138,unchanged
E02000139,E02000139,unchanged
E02000140,E02000140,unchanged
E02000141,E02000141,unchanged
E02000142,E02000142,unchanged
E02000144,E02000144,unchanged
E02000145,E02000145,unchanged
E02000146,E02000146,unchanged
E02000147,E02000147,unchanged
E02000148,E02000148,unchanged
E02000149,E02000149,unchanged
E02000150,E02000150,unchanged
E02000151,E02000151,unchanged
E02000152,E02000152,unchanged
E02000153,E02000153,unchanged
E02000154,E02000154,unchanged
E02000155,E02000155,unchanged
E02000156,E02000156,unchanged
E02000157,E02000157,unchanged
E02000158,E02000158,unchanged
E02000159,E02000159,unchanged
E02000160,E02000160,unchanged
E02000161,E02000161,unchanged
E02000162,E02000162,unchanged
E02000163,E02000163,unchanged
E02000165,E02000165,unchanged
E02000166,E02000166,unchanged
E02000167,E02000167,unchanged
E02000168,E02000168,unchanged
E02000169,E02000169,unchanged
E02000170,E02000170,unchanged
E02000171,E02000171,unchanged
E02000172,E02000172,unchanged
E02000173,E02000173,unchanged
E02000174,E02000174,unchanged
E02000175,E02000175,unchanged
E02000176,E02000176,unchanged
E02000177,E02000177,unchanged
E02000178,E02000178,unchanged
E02000179,E02000179,unchanged
E02000180,E02000180,unchanged
E02000181,E02000181,unchanged
E02000182,E02000182,unchanged
E02000183,E02000183,unchanged
E02000184,E02000184,unchanged
E02000185,E02000185,unchanged
E02000186,E02000186,unchanged
E02000187,E02000187,unchanged
E02000188,E02000188,unchanged
E02000191,E02000191,unchanged
E02000192,E02000192,unchanged
E02000193,E02000193,unchanged
E02000194,E02000194,unchanged
E02000195,E02000195,unchanged
E02000196,E02000196,unchanged
E02000197,E02000197,unchanged
E02000198,E02000198,unchanged
E02000199,E02000199,unchanged
E02000200,E02000200,unchanged
E02000201,E02000201,unchanged
E02000202,E02000202,unchanged
E02000203,E02000203,unchanged
E02000204,E02000204,unchanged
E02000206,E02000206,unchanged
E02000207,E02000207,unchanged
E02000208,E02000208,unchanged
E02000209,E02000209,unchanged
E02000210,E02000210,unchanged
E02000211,E02000211,unchanged
E02000212,E02000212,unchanged
E02000213,E02000213,unchanged
E02000214,E02000214,unchanged
E02000215,E02000215,unchanged
E02000216,E02000216,unchanged
E02000217,E02000217,unchanged
E02000218,E02000218,unchanged
E02000219,E02000219,unchanged
E02000221,E02000221,unchanged
E02000222,E02000222,unchanged
E02000223,E02000223,unchanged
E02000224,E02000224,unchanged
E02000225,E02000225,unchanged
E02000226,E02000226,unchanged
E02000227,E02000227,unchanged
E02000228,E02000228,unchanged
E02000229,E02000229,unchanged
E02000230,E02000230,unchanged
E02000231,E02000231,unchanged
E02000232,E02000232,unchanged
E02000233,E02000233,unchanged
E02000234,E02000234,unchanged
E02000235,E02000235,unchanged
E02000236,E02000236,unchanged
E02000237,E02000237,unchanged
E02000238,E02000238,unchanged
E02000239,E02000239,unchanged
E02000240,E02000240,unchanged
E02000241,E02000241,unchanged
E02000242,E02000242,unchanged
E02000243,E02000243,unchanged
E02000244,E02000244,unchanged
E02000245,E02000245,unchanged
E02000246,E02000246,unchanged
E02000247,E02000247,unchanged
E02000248,E02000248,unchanged
E02000249,E02000249,unchanged
E02000250,E02000250,unchanged
E02000251,E02000251,unchanged
E02000252,E02000252,unchanged
E02000253,E02000253,unchanged
E02000254,E02000254,unchanged
E02000255,E02000255,unchanged
E02000256,E02000256,unchanged
E02000258,E02000258,unchanged
E02000259,E02000259,unchanged
E02000260,E02000260,unchanged
E02000261,E02000261,unchanged
E02000262,E02000262,unchanged
E02000263,E02000263,unchanged
E02000264,E02000264,unchanged
E02000265,E02000265,unchanged
E02000266,E02000266,unchanged
E02000267,E02000267,unchanged
E02000268,E02000268,unchanged
E02000269,E02000269,unchanged
E02000270,E02000270,unchanged
E02000271,E02000271,unchanged
E02000272,E02000272,unchanged
E02000275,E02000275,unchanged
E02000276,E02000276,unchanged
E02000277,E02000277,unchanged
E02000278,E02000278,unchanged
E02000279,E02000279,unchanged
E02000280,E02000280,unchanged
E02000281,E02000281,unchanged
E02000282,E02000282,unchanged
E02000283,E02000283,unchanged
E02000284,E02000284,unchanged
E02000285,E02000285,unchanged
E02000286,E02000286,unchanged
E02000287,E02000287,unchanged
E02000288,E02000288,unchanged
E02000289,E02000289,unchanged
E02000290,E02000290,unchanged
E02000291,E02000291,unchanged
E02000292,E02000292,unchanged
E02000293,E02000293,unchanged
E02000294,E02000294,unchanged
E02000295,E02000295,unchanged
E02000296,E02000296,unchanged
E02000297,E02000297,unchanged
E02000298,E02000298,unchanged
E02000299,E02000299,unchanged
E02000300,E02000300,unchanged
E02000301,E02000301,unchanged
E02000302,E02000302,unchanged
E02000303,E02000303,unchanged
E02000304,E02000304,unchanged
E02000305,E02000305,unchanged
E02000306,E02000306,unchanged
E02000307,E02000307,unchanged
E02000308,E02000308,unchanged
E02000309,E02000309,unchanged
E02000311,E02000311,unchanged
E02000312,E02000312,unchanged
E02000313,E02000313,unchanged
E02000314,E02000314,unchanged
E02000315,E02000315,unchanged
E02000317,E02000317,unchanged
E02000318,E02000318,unchanged
E02000319,E02000319,unchanged
E02000320,E02000320,unchanged
E02000321,E02000321,unchanged
E02000323,E02000323,unchanged
E02000324,E02000324,unchanged
E02000326,E02000326,unchanged
E02000327,E02000327,unchanged
E02000328,E02000328,unchanged
E02000329,E02000329,unchanged
E02000331,E02000331,unchanged
E02000332,E02000332,unchanged
E02000333,E02000333,unchanged
E02000334,E02000334,unchanged
E02000335,E02000335,unchanged
E02000337,E02000337,unchanged
E02000339,E02000339,unchanged
E02000340,E02000340,unchanged
E02000341,E02000341,unchanged
E02000342,E02000342,unchanged
E02000343,E02000343,unchanged
E02000344,E02000344,unchanged
E02000345,E02000345,unchanged
E02000346,E02000346,unchanged
E02000347,E02000347,unchanged
E02000348,E02000348,unchanged
E02000350,E02000350,unchanged
E02000351,E02000351,unchanged
E02000352,E02000352,unchanged
E02000353,E02000353,unchanged
E02000354,E02000354,unchanged
E02000355,E02000355,unchanged
E02000356,E02000356,unchanged
E02000357,E02000357,unchanged
E02000358,E02000358,unchanged
E02000359,E02000359,unchanged
E02000360,E02000360,unchanged
E02000361,E02000361,unchanged
E02000362,E02000362,unchanged
E02000363,E02000363,unchanged
E02000364,E02000364,unchanged
E02000366,E02000366,unchanged
E02000367,E02000367,unchanged
E02000368,E02000368,unchanged
E02000369,E02000369,unchanged
E02000370,E02000370,unchanged
E02000372,E02000372,unchanged
E02000373,E02000373,unchanged
E02000374,E02000374,unchanged
E02000375,E02000375,unchanged
E02000376,E02000376,unchanged
E02000377,E02000377,unchanged
E02000378,E02000378,unchanged
E02000379,E02000379,unchanged
E02000380,E02000380,unchanged
E02000381,E02000381,unchanged
E02000382,E02000382,unchanged
E02000383,E02000383,unchanged
E02000384,E02000384,unchanged
E02000385,E02000385,unchanged
E02000386,E02000386,unchanged
E02000387,E02000387,unchanged
E02000388,E02000388,unchanged
E02000389,E02000389,unchanged
E02000390,E02000390,unchanged
E02000391,E02000391,unchanged
E02000392,E02000392,unchanged
E02000393,E02000393,unchanged
E02000394,E02000394,unchanged
E02000395,E02000395,unchanged
E02000396,E02000396,unchanged
E02000397,E02000397,unchanged
E02000398,E02000398,unchanged
E02000400,E02000400,unchanged
E02000401,E02000401,unchanged
E02000402,E02000402,unchanged
E02000403,E02000403,unchanged
E02000404,E02000404,unchanged
E02000405,E02000405,unchanged
E02000406,E02000406,unchanged
E02000407,E02000407,unchanged
E02000408,E02000408,unchanged
E02000409,E02000409,unchanged
E02000410,E02000410,unchanged
E02000411,E02000411,unchanged
E02000412,E02000412,unchanged
E02000413,E02000413,unchanged
E02000414,E02000414,unchanged
E02000415,E02000415,unchanged
E02000416,E02000416,unchanged
E02000417,E02000417,unchanged
E02000418,E02000418,unchanged
E02000419,E02000419,unchanged
E02000420,E02000420,unchanged
E02000421,E02000421,unchanged
E02000422,E02000422,unchanged
E02000423,E02000423,unchanged
E02000424,E02000424,unchanged
E02000425,E02000425,unchanged
E02000426,E02000426,unchanged
E02000427,E02000427,unchanged
E02000428,E02000428,unchanged
E02000429,E02000429,unchanged
E02000430,E02000430,unchanged
E02000431,E02000431,unchanged
E02000432,E02000432,unchanged
E02000433,E02000433,unchanged
E02000434,E02000434,unchanged
E02000435,E02000435,unchanged
E02000436,E02000436,unchanged
E02000437,E02000437,unchanged
E02000438,E02000438,unchanged
E02000439,E02000439,unchanged
E02000440,E02000440,unchanged
E02000441,E02000441,unchanged
E02000442,E02000442,unchanged
E02000443,E02000443,unchanged
E02000444,E02000444,unchanged
E02000445,E02000445,unchanged
E02000447,E02000447,unchanged
E02000448,E02000448,unchanged
E02000449,E02000449,unchanged
E02000451,E02000451,unchanged
E02000452,E02000452,unchanged
E02000453,E02000453,unchanged
E02000454,E02000454,unchanged
E02000455,E02000455,unchanged
E02000456,E02000456,unchanged
E02000457,E02000457,unchanged
E02000459,E02000459,unchanged
E02000460,E02000460,unchanged
E02000461,E02000461,unchanged
E02000462,E02000462,unchanged
E02000463,E02000463,unchanged
E02000464,E02000464,unchanged
E02000465,E02000465,unchanged
E02000466,E02000466,unchanged
E02000467,E02000467,unchanged
E02000468,E02000468,unchanged
E02000469,E02000469,unchanged
E02000470,E02000470,unchanged
E02000471,E02000471,unchanged
E02000472,E02000472,unchanged
E02000473,E02000473,unchanged
E02000474,E02000474,unchanged
E02000475,E02000475,unchanged
E02000476,E02000476,unchanged
E02000477,E02000477,unchanged
E02000478,E02000478,unchanged
E02000479,E02000479,unchanged
E02000480,E02000480,unchanged
E02000481,E02000481,unchanged
E02000482,E02000482,unchanged
E02000483,E02000483,unchanged
E02000484,E02000484,unchanged
E02000485,E02000485,unchanged
E02000486,E02000486,unchanged
E02000487,E02000487,unchanged
E02000488,E02000488,unchanged
E02000489,E02000489,unchanged
E02000490,E02000490,unchanged
E02000491,E02000491,unchanged
E02000492,E02000492,unchanged
E02000493,E02000493,unchanged
E02000494,E02000494,unchanged
E02000495,E02000495,unchanged
E02000496,E02000496,unchanged
E02000497,E02000497,unchanged
E02000498,E02000498,unchanged
E02000499,E02000499,unchanged
E02000500,E02000500,unchanged
E02000501,E02000501,unchanged
E02000502,E02000502,unchanged
E02000503,E02000503,unchanged
E02000504,E02000504,unchanged
E02000506,E02000506,unchanged
E02000507,E02000507,unchanged
E02000508,E02000508,unchanged
E02000509,E02000509,unchanged
E02000510,E02000510,unchanged
E02000511,E02000511,unchanged
E02000512,E02000512,unchanged
E02000513,E02000513,unchanged
E02000514,E02000514,unchanged
E02000515,E02000515,unchanged
E02000516,E02000516,unchanged
E02000517,E02000517,unchanged
E02000518,E02000518,unchanged
E02000519,E02000519,unchanged
E02000520,E02000520,unchanged
E02000521,E02000521,unchanged
E02000522,E02000522,unchanged
E02000523,E02000523,unchanged
E02000524,E02000524,unchanged
E02000525,E02000525,unchanged
E02000526,E02000526,unchanged
E02000529,E02000529,unchanged
E02000530,E02000530,unchanged
E02000531,E02000531,unchanged
E02000532,E02000532,unchanged
E02000533,E02000533,unchanged
E02000534,E02000534,unchanged
E02000535,E02000535,unchanged
E02000536,E02000536,unchanged
E02000537,E02000537,unchanged
E02000538,E02000538,unchanged
E02000539,E02000539,unchanged
E02000540,E02000540,unchanged
E02000541,E02000541,unchanged
E02000542,E02000542,unchanged
E02000543,E02000543,unchanged
E02000544,E02000544,unchanged
E02000545,E02000545,unchanged
E02000546,E02000546,unchanged
E02000547,E02000547,unchanged
E02000548,E02000548,unchanged
E02000549,E02000549,unchanged
E02000550,E02000550,unchanged
E02000551,E02000551,unchanged
E02000552,E02000552,unchanged
E02000553,E02000553,unchanged
E02000554,E02000554,unchanged
E02000555,E02000555,unchanged
E02000556,E02000556,unchanged
E02000557,E02000557,unchanged
E02000558,E02000558,unchanged
E02000559,E02000559,unchanged
E02000560,E02000560,unchanged
E02000561,E02000561,unchanged
E02000562,E02000562,unchanged
E02000563,E02000563,unchanged
E02000564,E02000564,unchanged
E02000565,E02000565,unchanged
E02000566,E02000566,unchanged
E02000567,E02000567,unchanged
E02000568,E02000568,unchanged
E02000569,E02000569,unchanged
E02000570,E02000570,unchanged
E02000571,E02000571,unchanged
E02000572,E02000572,unchanged
E02000573,E02000573,unchanged
E02000574,E02000574,unchanged
E02000575,E02000575,unchanged
E02000576,E02000576,unchanged
E02000577,E02000577,unchanged
E02000578,E02000578,unchanged
E02000579,E02000579,unchanged
E02000580,E02000580,unchanged
E02000581,E02000581,unchanged
E02000582,E02000582,unchanged
E02000583,E02000583,unchanged
E02000584,E02000584,unchanged
E02000585,E02000585,unchanged
E02000586,E02000586,unchanged
E02000587,E02000587,unchanged
E02000588,E02000588,unchanged
E02000589,E02000589,unchanged
E02000590,E02000590,unchanged
E02000591,E02000591,unchanged
E02000592,E02000592,unchanged
E02000593,E02000593,unchanged
E02000594,E02000594,unchanged
E02000595,E02000595,unchanged
E02000596,E02000596,unchanged
E02000597,E02000597,unchanged
E02000598,E02000598,unchanged
E02000599,E02000599,unchanged
E02000600,E02000600,unchanged
E02000601,E02000601,unchanged
E02000602,E02000602,unchanged
E02000603,E02000603,unchanged
E02000604,E02000604,unchanged
E02000605,E02000605,unchanged
E02000606,E02000606,unchanged
E02000607,E02000607,unchanged
E02000608,E02000608,unchanged
E02000609,E02000609,unchanged
E02000610,E02000610,unchanged
E02000611,E02000611,unchanged
E02000612,E02000612,unchanged
E02000613,E02000613,unchanged
E02000614,E02000614,unchanged
E02000615,E02000615,unchanged
E02000616,E02000616,unchanged
E02000617,E02000617,unchanged
E02000619,E02000619,unchanged
E02000620,E02000620,unchanged
E02000621,E02000621,unchanged
E02000622,E02000622,unchanged
E02000623,E02000623,unchanged
E02000624,E02000624,unchanged
E02000625,E02000625,unchanged
E02000626,E02000626,unchanged
E02000627,E02000627,unchanged
E02000628,E02000628,unchanged
E02000629,E02000629,unchanged
E02000630,E02000630,unchanged
E02000631,E02000631,unchanged
E02000632,E02000632,unchanged
E02000633,E02000633,unchanged
E02000634,E02000634,unchanged
E02000635,E02000635,unchanged
E02000636,E02000636,unchanged
E02000637,E02000637,unchanged
E02000638,E02000638,unchanged
E02000639,E02000639,unchanged
E02000640,E02000640,unchanged
E02000641,E02000641,unchanged
E02000642,E02000642,unchanged
E02000643,E02000643,unchanged
E02000644,E02000644,unchanged
E02000645,E02000645,unchanged
E02000646,E02000646,unchanged
E02000647,E02000647,unchanged
E02000648,E02000648,unchanged
E02000649,E02000649,unchanged
E02000650,E02000650,unchanged
E02000651,E02000651,unchanged
E02000652,E02000652,unchanged
E02000653,E02000653,unchanged
E02000654,E02000654,unchanged
E02000655,E02000655,unchanged
E02000657,E02000657,unchanged
E02000658,E02000658,unchanged
E02000659,E02000659,unchanged
E02000660,E02000660,unchanged
E02000661,E02000661,unchanged
E02000662,E02000662,unchanged
E02000663,E02000663,unchanged
E02000665,E02000665,unchanged
E02000666,E02000666,unchanged
E02000667,E02000667,unchanged
E02000668,E02000668,unchanged
E02000669,E02000669,unchanged
E02000670,E02000670,unchanged
E02000671,E02000671,unchanged
E02000672,E02000672,unchanged
E02000673,E02000673,unchanged
E02000674,E02000674,unchanged
E02000675,E02000675,unchanged
E02000676,E02000676,unchanged
E02000677,E02000677,unchanged
E02000678,E02000678,unchanged
E02000679,E02000679,unchanged
E02000680,E02000680,unchanged
E02000681,E02000681,unchanged
E02000682,E02000682,unchanged
E02000683,E02000683,unchanged
E02000685,E02000685,unchanged
E02000686,E02000686,unchanged
E02000687,E02000687,unchanged
E02000689,E02000689,unchanged
E02000690,E02000690,unchanged
E02000691,E02000691,unchanged
E02000692,E02000692,unchanged
E02000693,E02000693,unchanged
E02000694,E02000694,unchanged
E02000695,E02000695,unchanged
E02000696,E02000696,unchanged
E02000697,E02000697,unchanged
E02000698,E02000698,unchanged
E02000699,E02000699,unchanged
E02000700,E02000700,unchanged
E02000701,E02000701,unchanged
E02000702,E02000702,unchanged
E02000703,E02000703,unchanged
E02000704,E02000704,unchanged
E02000705,E02000705,unchanged
E02000706,E02000706,unchanged
E02000707,E02000707,unchanged
E02000708,E02000708,unchanged
E02000709,E02000709,unchanged
E02000710,E02000710,unchanged
E02000711,E02000711,unchanged
E02000712,E02000712,unchanged
E02000713,E02000713,unchanged
E02000714,E02000714,unchanged
E02000715,E02000715,unchanged
E02000716,E02000716,unchanged
E02000717,E02000717,unchanged
E02000718,E02000718,unchanged
E02000719,E02000719,unchanged
E02000720,E02000720,unchanged
E02000721,E02000721,unchanged
E02000722,E02000722,unchanged
E02000723,E02000723,unchanged
E02000724,E02000724,unchanged
E02000725,E02000725,unchanged
E02000727,E02000727,unchanged
E02000728,E02000728,unchanged
E02000729,E02000729,unchanged
E02000730,E02000730,unchanged
E02000731,E02000731,unchanged
E02000732,E02000732,unchanged
E02000733,E02000733,unchanged
E02000734,E02000734,unchanged
E02000735,E02000735,unchanged
E02000736,E02000736,unchanged
E02000737,E02000737,unchanged
E02000738,E02000738,unchanged
E02000739,E02000739,unchanged
E02000740,E02000740,unchanged
E02000741,E02000741,unchanged
E02000742,E02000742,unchanged
E02000743,E02000743,unchanged
E02000744,E02000744,unchanged
E02000745,E02000745,unchanged
E02000746,E02000746,unchanged
E02000747,E02000747,unchanged
E02000748,E02000748,unchanged
E02000749,E02000749,unchanged
E02000751,E02000751,unchanged
E02000752,E02000752,unchanged
E02000753,E02000753,unchanged
E02000754,E02000754,unchanged
E02000755,E02000755,unchanged
E02000756,E02000756,unchanged
E02000757,E02000757,unchanged
E02000758,E02000758,unchanged
E02000759,E02000759,unchanged
E02000760,E02000760,unchanged
E02000762,E02000762,unchanged
E02000763,E02000763,unchanged
E02000764,E02000764,unchanged
E02000765,E02000765,unchanged
E02000767,E02000767,unchanged
E02000768,E02000768,unchanged
E02000770,E02000770,unchanged
E02000772,E02000772,unchanged
E02000773,E02000773,unchanged
E02000774,E02000774,unchanged
E02000776,E02000776,unchanged
E02000777,E02000777,unchanged
E02000779,E02000779,unchanged
E02000781,E02000781,unchanged
E02000782,E02000782,unchanged
E02000783,E02000783,unchanged
E02000784,E02000784,unchanged
E02000785,E02000785,unchanged
E02000786,E02000786,unchanged
E02000787,E02000787,unchanged
E02000788,E02000788,unchanged
E02000789,E02000789,unchanged
E02000790,E02000790,unchanged
E02000791,E02000791,unchanged
E02000792,E02000792,unchanged
E02000793,E02000793,unchanged
E02000794,E02000794,unchanged
E02000795,E02000795,unchanged
E02000796,E02000796,unchanged
E02000797,E02000797,unchanged
E02000798,E02000798,unchanged
E02000799,E02000799,unchanged
E02000800,E02000800,unchanged
E02000801,E02000801,unchanged
E02000802,E02000802,unchanged
E02000803,E02000803,unchanged
E02000804,E02000804,unchanged
E02000805,E02000805,unchanged
E02000806,E02000806,unchanged
E02000807,E02000807,unchanged
E02000808,E02000808,unchanged
E02000810,E02000810,unchanged
E02000812,E02000812,unchanged
E02000813,E02000813,unchanged
E02000814,E02000814,unchanged
E02000815,E02000815,unchanged
E02000816,E02000816,unchanged
E02000817,E02000817,unchanged
E02000818,E02000818,unchanged
E02000819,E02000819,unchanged
E02000820,E02000820,unchanged
E02000821,E02000821,unchanged
E02000822,E02000822,unchanged
E02000823,E02000823,unchanged
E02000824,E02000824,unchanged
E02000825,E02000825,unchanged
E02000826,E02000826,unchanged
E02000827,E02000827,unchanged
E02000828,E02000828,unchanged
E02000829,E02000829,unchanged
E02000830,E02000830,unchanged
E02000831,E02000831,unchanged
E02000832,E02000832,unchanged
E02000833,E02000833,unchanged
E02000834,E02000834,unchanged
E02000835,E02000835,unchanged
E02000836,E02000836,unchanged
E02000837,E02000837,unchanged
E02000838,E02000838,unchanged
E02000839,E02000839,unchanged
E02000840,E02000840,unchanged
E02000841,E02000841,unchanged
E02000842,E02000842,unchanged
E02000843,E02000843,unchanged
E02000844,E02000844,unchanged
E02000845,E02000845,unchanged
E02000846,E02000846,unchanged
E02000847,E02000847,unchanged
E02000848,E02000848,unchanged
E02000849,E02000849,unchanged
E02000850,E02000850,unchanged
E02000851,E02000851,unchanged
E02000852,E02000852,unchanged
E02000853,E02000853,unchanged
E02000854,E02000854,unchanged
E02000855,E02000855,unchanged
E02000856,E02000856,unchanged
E02000857,E02000857,unchanged
E02000858,E02000858,unchanged
E02000859,E02000859,unchanged
E02000860,E02000860,unchanged
E02000861,E02000861,unchanged
E02000863,E02000863,unchanged
E02000864,E02000864,unchanged
E02000865,E02000865,unchanged
E02000866,E02000866,unchanged
E02000867,E02000867,unchanged
E02000868,E02000868,unchanged
E02000869,E02000869,unchanged
E02000870,E02000870,unchanged
E02000871,E02000871,unchanged
E02000872,E02000872,unchanged
E02000873,E02000873,unchanged
E02000874,E02000874,unchanged
E02000875,E02000875,unchanged
E02000876,E02000876,unchanged
E02000877,E02000877,unchanged
E02000878,E02000878,unchanged
E02000879,E02000879,unchanged
E02000880,E02000880,unchanged
E02000881,E02000881,unchanged
E02000882,E02000882,unchanged
E02000883,E02000883,unchanged
E02000884,E02000884,unchanged
E02000885,E02000885,unchanged
E02000886,E02000886,unchanged
E02000887,E02000887,unchanged
E02000888,E02000888,unchanged
E02000889,E02000889,unchanged
E02000890,E02000890,unchanged
E02000893,E02000893,unchanged
E02000894,E02000894,unchanged
E02000895,E02000895,unchanged
E02000896,E02000896,unchanged
E02000897,E02000897,unchanged
E02000898,E02000898,unchanged
E02000899,E02000899,unchanged
E02000900,E02000900,unchanged
E02000901,E02000901,unchanged
E02000902,E02000902,unchanged
E02000903,E02000903,unchanged
E02000904,E02000904,unchanged
E02000905,E02000905,unchanged
E02000906,E02000906,unchanged
E02000907,E02000907,unchanged
E02000908,E02000908,unchanged
E02000909,E02000909,unchanged
E02000910,E02000910,unchanged
E02000911,E02000911,unchanged
E02000912,E02000912,unchanged
E02000913,E02000913,unchanged
E02000914,E02000914,unchanged
E02000915,E02000915,unchanged
E02000916,E02000916,unchanged
E02000917,E02000917,unchanged
E02000918,E02000918,unchanged
E02000919,E02000919,unchanged
E02000920,E02000920,unchanged
E02000921,E02000921,unchanged
E02000922,E02000922,unchanged
E02000923,E02000923,unchanged
E02000925,E02000925,unchanged
E02000926,E02000926,unchanged
E02000927,E02000927,unchanged
E02000928,E02000928,unchanged
E02000929,E02000929,unchanged
E02000930,E02000930,unchanged
E02000931,E02000931,unchanged
E02000932,E02000932,unchanged
E02000933,E02000933,unchanged
E02000934,E02000934,unchanged
E02000935,E02000935,unchanged
E02000936,E02000936,unchanged
E02000937,E02000937,unchanged
E02000938,E02000938,unchanged
E02000939,E02000939,unchanged
E02000940,E02000940,unchanged
E02000941,E02000941,unchanged
E02000942,E02000942,unchanged
E02000943,E02000943,unchanged
E02000944,E02000944,unchanged
E02000945,E02000945,unchanged
E02000946,E02000946,unchanged
E02000947,E02000947,unchanged
E02000948,E02000948,unchanged
E02000949,E02000949,unchanged
E02000950,E02000950,unchanged
E02000951,E02000951,unchanged
E02000952,E02000952,unchanged
E02000953,E02000953,unchanged
E02000954,E02000954,unchanged
E02000955,E02000955,unchanged
E02000956,E02000956,unchanged
E02000957,E02000957,unchanged
E02000958,E02000958,unchanged
E02000959,E02000959,unchanged
E02000960,E02000960,unchanged
E02000961,E02000961,unchanged
E02000962,E02000962,unchanged
E02000963,E02000963,unchanged
E02000964,E02000964,unchanged
E02000965,E02000965,unchanged
E02000966,E02000966,unchanged
E02000967,E02000967,unchanged
E02000968,E02000968,unchanged
E02000969,E02000969,unchanged
E02000970,E02000970,unchanged
E02000971,E02000971,unchanged
E02000972,E02000972,unchanged
E02000973,E02000973,unchanged
E02000974,E02000974,unchanged
E02000975,E02000975,unchanged
E02000976,E02000976,unchanged
E02000977,E02000977,unchanged
E02000978,E02000978,unchanged
E02000979,E02000979,unchanged
E02000980,E02000980,unchanged
E02000981,E02000981,unchanged
E02000982,E02000982,unchanged
E02000983,E02000983,unchanged
E02006782,E02006782,unchanged
E02006783,E02006783,unchanged
E02006784,E02006784,unchanged
E02006785,E02006785,unchanged
E02006786,E02006786,unchanged
E02006787,E02006787,unchanged
E02006788,E02006788,unchanged
E02006789,E02006789,unchanged
E02006791,E02006791,unchanged
E02006792,E02006792,unchanged
E02006793,E02006793,unchanged
E02006794,E02006794,unchanged
E02006795,E02006795,unchanged
E02006796,E02006796,unchanged
E02006798,E02006798,unchanged
E02006799,E02006799,unchanged
E02006800,E02006800,unchanged
E02006801,E02006801,unchanged
E02006802,E02006802,unchanged
E02006836,E02006836,unchanged
E02006853,E02006853,unchanged
E02006854,E02006854,unchanged
E02006882,E02006882,unchanged
E02006918,E02006918,unchanged
E02006921,E02006921,unchanged
E02006924,E02006924,unchanged
E02006925,E02006925,unchanged
E02006927,E02006927,unchanged
E02006928,E02006928,unchanged
E02006930,E02006930,unchanged
E02006931,E02006931,unchanged
E02006941,E02000809,split
E02006942,E02000809,split
E02006953,E02000053,split
E02006954,E02000053,split
E02006955,E02000109,split
E02006956,E02000109,split
E02006968,E02000257,split
E02006969,E02000257,split
E02006970,E02000274,split
E02006971,E02000274,split
E02006972,E02000528,split
E02006973,E02000528,split
E02006987,E02000220,split
E02006988,E02000220,split
E02006991,E02000316,split
E02006992,E02006929,split
E02006993,E02006929,split
E02006994,E02000316,split
E02006995,E02000726,split
E02006996,E02000726,split
E02006997,E02000726,split
E02006998,E02000750,split
E02006999,E02000750,split
E02007008,E02000664,split
E02007009,E02000664,split
E02007017,E02000769,split
E02007018,E02000769,split
E02007019,E02000780,split
E02007020,E02000780,split
E02007083,E02000924,split
E02007084,E02000924,split
E02007108,E02000365,split
E02007109,E02000365,split
E02007110,E02000371,split
E02007111,E02000371,split
E02007112,E02000891,split
E02007113,E02000891,split
E02007114,E02000891,split
E02007115,E02000189,merge
